Time (s),Scan Matcher (degrees),Monte Carlo (degrees),Ground Truth (degrees)
21.125577688217163,26.979864771906627,-14.2195219892781,-11.003674214439094
21.13534140586853,26.979864771906627,-14.2195219892781,-10.933555749613015
21.17180871963501,26.979864771906627,-14.2195219892781,-10.921052466555453
21.20683741569519,-147.00222597312523,-14.2195219892781,-10.921052466555453
21.211027145385742,-147.00222597312523,-14.2195219892781,-10.963651041868664
21.304287910461426,-147.00222597312523,-14.2195219892781,-10.969280185281143
21.35249900817871,-147.00222597312523,-14.2195219892781,-10.943418270017983
21.382410287857056,-147.00222597312523,-14.2195219892781,-10.941151013716551
21.434295177459717,-147.00222597312523,-14.2195219892781,-10.956621607612082
21.47425889968872,-147.00222597312523,-14.2195219892781,-10.9572381959874
21.510655403137207,-147.00222597312523,-14.2195219892781,-10.948105634465152
21.51412010192871,29.48486889128367,-14.2195219892781,-10.948105634465152
21.54837393760681,29.48486889128367,-14.2195219892781,-10.948194384087765
21.587666273117065,29.48486889128367,-14.2195219892781,-10.953527022302195
21.638322830200195,29.48486889128367,-14.2195219892781,-10.953201754896826
21.686078786849976,29.48486889128367,-14.2195219892781,-10.949919098347854
21.72917866706848,29.48486889128367,-14.2195219892781,-10.950214298000601
21.74642062187195,-154.74501140212544,-14.2195219892781,-10.950214298000601
21.780945301055908,-154.74501140212544,-14.2195219892781,-10.952344542223083
21.811172246932983,-154.74501140212544,-14.2195219892781,-10.952104475854851
21.865642309188843,-154.74501140212544,-14.2195219892781,-10.950699955990538
21.925797700881958,-154.74501140212544,-14.2195219892781,-10.950802687943911
21.964694023132324,-154.74501140212544,-14.2195219892781,-10.95158293602691
22.00252103805542,-154.74501140212544,-14.2195219892781,-11.00519095346724
22.008339643478394,109.50036654246134,-14.2195219892781,-11.00519095346724
22.044265747070312,109.50036654246134,-14.2195219892781,-11.169636586611766
22.08117914199829,109.50036654246134,-14.2195219892781,-11.314634385428027
22.121236085891724,109.50036654246134,-14.2195219892781,-11.340491719109641
22.199498891830444,109.50036654246134,-14.2195219892781,-11.269736371752526
22.234338521957397,109.50036654246134,-14.2195219892781,-11.257136761904322
22.28735661506653,-169.69152532434828,-14.2195219892781,-11.257136761904322
22.290573358535767,-169.69152532434828,-14.2195219892781,-11.299965717686586
22.326775074005127,-169.69152532434828,-14.2195219892781,-11.305759750498371
22.366822719573975,-169.69152532434828,-14.2195219892781,-11.279927938511623
22.40968608856201,-169.69152532434828,-14.2195219892781,-11.277506219012631
22.44187331199646,-169.69152532434828,-14.2195219892781,-11.292919424299349
22.48130226135254,-169.69152532434828,-14.2195219892781,-11.293667997510394
22.55207347869873,-169.69152532434828,-14.2195219892781,-11.338020291610032
22.58211660385132,6.287526640376675,-14.2195219892781,-11.338020291610032
22.59692144393921,6.287526640376675,-14.2195219892781,-11.50257491568146
22.634857892990112,6.287526640376675,-14.2195219892781,-11.652700784236877
22.680270195007324,6.287526640376675,-14.2195219892781,-11.677956881193257
22.724210023880005,6.287526640376675,-14.2195219892781,-11.60381118509429
22.756062746047974,6.287526640376675,-14.2195219892781,-11.591515153860263
22.809542655944824,6.287526640376675,-14.2195219892781,-11.690650821885136
22.814419507980347,66.02189780261791,-14.2195219892781,-11.690650821885136
22.843413591384888,66.02189780261791,-14.2195219892781,-11.863238086521706
22.87540340423584,66.02189780261791,-14.2195219892781,-11.983208130444801
22.91388440132141,66.02189780261791,-14.2195219892781,-12.007421156095946
22.961087942123413,66.02189780261791,-14.2195219892781,-11.952809082004132
22.99310278892517,66.02189780261791,-14.2195219892781,-11.941639877881647
23.05447793006897,66.02189780261791,-14.2195219892781,-12.029803407857347
23.08971095085144,145.97240623996632,-14.2195219892781,-12.029803407857347
23.114036560058594,145.97240623996632,-14.2195219892781,-12.20173635900419
23.19316029548645,145.97240623996632,-14.2195219892781,-12.327689709284721
23.261590480804443,145.97240623996632,-14.2195219892781,-12.351557582002604
23.302385568618774,145.97240623996632,-14.2195219892781,-12.292979743891276
23.358272790908813,145.97240623996632,-14.2195219892781,-12.281828681296169
23.370365381240845,-176.16691253360074,-14.2195219892781,-12.281828681296169
23.41734766960144,-176.16691253360074,-14.2195219892781,-12.318197911026456
23.45283269882202,-176.16691253360074,-14.2195219892781,-12.323979013268557
23.487806797027588,-176.16691253360074,-14.2195219892781,-12.302374040699371
23.53546690940857,-176.16691253360074,-14.2195219892781,-12.299892157598098
23.563753366470337,-176.16691253360074,-14.2195219892781,-12.313018298886279
23.597780227661133,-176.16691253360074,-14.2195219892781,-12.314532471316154
23.65471315383911,-176.16691253360074,-14.2195219892781,-12.360758539975178
23.665974855422974,-105.59652062880366,-14.2195219892781,-12.360758539975178
23.70230793952942,-105.59652062880366,-14.2195219892781,-12.524968924216296
23.742258548736572,-105.59652062880366,-14.2195219892781,-12.67414061683909
23.777849912643433,-105.59652062880366,-14.2195219892781,-12.699649042942465
23.80922794342041,-105.59652062880366,-14.2195219892781,-12.62613442456852
23.841899871826172,-105.59652062880366,-14.2195219892781,-12.61382927440303
23.88382339477539,-105.59652062880366,-14.2195219892781,-12.712584401484458
23.907281398773193,71.04543152449976,-14.2195219892781,-12.712584401484458
23.92177391052246,71.04543152449976,-14.2195219892781,-12.88513790547775
23.954376220703125,71.04543152449976,-14.2195219892781,-13.005318851544619
23.99278163909912,71.04543152449976,-14.2195219892781,-13.02949757891409
24.029606342315674,71.04543152449976,-14.2195219892781,-12.974773817109043
24.061836004257202,71.04543152449976,-14.2195219892781,-12.963702821437888
24.10257649421692,71.04543152449976,-14.2195219892781,-13.051945334237109
24.103928327560425,-147.88985740524754,-14.2195219892781,-13.051945334237109
24.152368783950806,-147.88985740524754,-14.2195219892781,-13.223919284578086
24.182295322418213,-147.88985740524754,-14.2195219892781,-13.34986350165979
24.21523952484131,-147.88985740524754,-14.2195219892781,-13.373735622388851
24.257731437683105,-147.88985740524754,-14.2195219892781,-13.315226860276633
24.311166524887085,-147.88985740524754,-14.2195219892781,-13.304126302223763
24.334063291549683,45.76814912993768,-14.2195219892781,-13.304126302223763
24.35581111907959,45.76814912993768,-14.2195219892781,-13.340505211522219
24.397085189819336,45.76814912993768,-14.2195219892781,-13.34633442784678
24.437777042388916,45.76814912993768,-14.2195219892781,-13.324721566930517
24.468828439712524,45.76814912993768,-14.2195219892781,-13.322360297133887
24.51082992553711,45.76814912993768,-14.2195219892781,-13.336058308701158
24.548511028289795,45.76814912993768,-14.2195219892781,-13.39100205468647
24.569287061691284,57.70591502675236,-14.2195219892781,-13.39100205468647
24.580103158950806,57.70591502675236,-14.2195219892781,-13.54740208689493
24.619407653808594,57.70591502675236,-14.2195219892781,-13.691496737912049
24.657838821411133,57.70591502675236,-14.2195219892781,-13.721889448941509
24.697564840316772,57.70591502675236,-14.2195219892781,-13.651541141848792
24.732224225997925,57.70591502675236,-14.2195219892781,-13.636551110955784
24.771942853927612,57.70591502675236,-14.2195219892781,-13.733854008208919
24.812188863754272,143.15716191698093,-14.2195219892781,-13.733854008208919
24.8258113861084,143.15716191698093,-14.2195219892781,-13.908157988761662
24.856131076812744,143.15716191698093,-14.2195219892781,-14.02914978204622
24.89719319343567,143.15716191698093,-14.2195219892781,-14.052230564753073
24.934552431106567,143.15716191698093,-14.2195219892781,-13.996974916522431
24.98032546043396,143.15716191698093,-14.2195219892781,-13.986486675088416
25.025930404663086,143.15716191698093,-14.2195219892781,-14.07488623376742
25.029653549194336,113.0472913845466,-14.2195219892781,-14.07488623376742
25.07751202583313,113.0472913845466,-14.2195219892781,-14.246452203859178
25.121893405914307,113.0472913845466,-14.2195219892781,-14.372449859186252
25.14522933959961,113.0472913845466,-14.2195219892781,-14.396531923409311
25.18204426765442,113.0472913845466,-14.2195219892781,-14.338061547841658
25.214794397354126,113.0472913845466,-14.2195219892781,-14.32694010396736
25.259368658065796,113.0472913845466,-14.2195219892781,-14.417248318868385
25.281760692596436,144.4664813167905,-14.2195219892781,-14.417248318868385
25.307595014572144,144.4664813167905,-14.2195219892781,-14.589239547194662
25.346585273742676,144.4664813167905,-14.2195219892781,-14.714142037124253
25.398310899734497,144.4664813167905,-14.2195219892781,-14.738100305024082
25.44936490058899,144.4664813167905,-14.2195219892781,-14.680345420043261
25.486481189727783,144.4664813167905,-14.2195219892781,-14.669263388652253
25.520056009292603,-37.73565755922194,-14.2195219892781,-14.669263388652253
25.534375429153442,-37.73565755922194,-14.2195219892781,-14.705256343992739
25.586711406707764,-37.73565755922194,-14.2195219892781,-14.71116318969949
25.630072116851807,-37.73565755922194,-14.2195219892781,-14.689899978944124
25.668943166732788,-37.73565755922194,-14.2195219892781,-14.687345418820017
25.72736406326294,-37.73565755922194,-14.2195219892781,-14.700302854671955
25.788202047348022,-37.73565755922194,-14.2195219892781,-14.702003322282977
25.80985188484192,145.13895377173574,-14.2195219892781,-14.702003322282977
25.868451356887817,145.13895377173574,-14.2195219892781,-14.69521874173097
25.899369478225708,145.13895377173574,-14.2195219892781,-14.695359769789475
25.94176697731018,145.13895377173574,-14.2195219892781,-14.69991363746028
25.98581600189209,145.13895377173574,-14.2195219892781,-14.699669552614093
26.058815956115723,145.13895377173574,-14.2195219892781,-14.697119463627452
26.09019112586975,145.13895377173574,-14.2195219892781,-14.698106340860022
26.120309829711914,145.13895377173574,-14.2195219892781,-14.698106340860022
26.141662120819092,145.13895377173574,-14.2195219892781,-14.700604493645589
26.189473867416382,145.13895377173574,-14.2195219892781,-14.700799851820594
26.22358202934265,145.13895377173574,-14.2195219892781,-14.699784515205273
26.272056818008423,145.13895377173574,-14.2195219892781,-14.699894491854852
26.31367301940918,145.13895377173574,-14.2195219892781,-14.701255252456988
26.380712747573853,-142.1726183428614,-14.2195219892781,-14.701255252456988
26.383719444274902,-142.1726183428614,-14.2195219892781,-14.755465687989405
26.423747777938843,-142.1726183428614,-14.2195219892781,-14.919709467262669
26.45231795310974,-142.1726183428614,-14.2195219892781,-15.064422783152063
26.486074447631836,-142.1726183428614,-14.2195219892781,-15.090467942609164
26.534560680389404,-142.1726183428614,-14.2195219892781,-15.019856658433765
26.56476616859436,-142.1726183428614,-14.2195219892781,-15.007127858791655
26.608320713043213,-142.1726183428614,-14.2195219892781,-15.04985072897442
26.639376640319824,-48.80425116630355,-14.2195219892781,-15.04985072897442
26.648521900177002,-48.80425116630355,-14.2195219892781,-15.055734800285565
26.683951377868652,-48.80425116630355,-14.2195219892781,-15.029933706713098
26.727054834365845,-48.80425116630355,-14.2195219892781,-15.027452495437963
26.76105761528015,-48.80425116630355,-14.2195219892781,-15.04284801986323
26.80621910095215,-48.80425116630355,-14.2195219892781,-15.043604738652016
26.837249517440796,-48.80425116630355,-14.2195219892781,-15.08795925114125
26.87192416191101,174.89100646055917,-14.2195219892781,-15.08795925114125
26.892322778701782,174.89100646055917,-14.2195219892781,-15.252591521030523
26.9243061542511,174.89100646055917,-14.2195219892781,-15.40284918791754
26.95881700515747,174.89100646055917,-14.2195219892781,-15.428052038596007
26.987709283828735,174.89100646055917,-14.2195219892781,-15.35382595387809
27.028079509735107,174.89100646055917,-14.2195219892781,-15.34160117627551
27.066184759140015,174.89100646055917,-14.2195219892781,-15.440780577646473
27.091689109802246,-100.99823380715117,-14.2195219892781,-15.440780577646473
27.127025604248047,-100.99823380715117,-14.2195219892781,-15.613292469767078
27.16988778114319,-100.99823380715117,-14.2195219892781,-15.73322665600444
27.203084230422974,-100.99823380715117,-14.2195219892781,-15.75746025943255
27.247829914093018,-100.99823380715117,-14.2195219892781,-15.702903167549993
27.27955722808838,-100.99823380715117,-14.2195219892781,-15.691771250287669
27.318238735198975,-100.99823380715117,-14.2195219892781,-15.779972324459258
27.34178853034973,4.824978385912686,-14.2195219892781,-15.779972324459258
27.37495994567871,4.824978385912686,-14.2195219892781,-15.951993841946132
27.409175872802734,4.824978385912686,-14.2195219892781,-16.07795412838244
27.44688057899475,4.824978385912686,-14.2195219892781,-16.101771047780577
27.48856496810913,4.824978385912686,-14.2195219892781,-16.04326362136364
27.520758867263794,4.824978385912686,-14.2195219892781,-16.032212031109427
27.575521230697632,4.824978385912686,-14.2195219892781,-16.122554279569695
27.57635474205017,71.48395764934128,-14.2195219892781,-16.122554279569695
27.611665964126587,71.48395764934128,-14.2195219892781,-16.294420926139757
27.640095472335815,71.48395764934128,-14.2195219892781,-16.419124686125436
27.67827868461609,71.48395764934128,-14.2195219892781,-16.443099276142565
27.74094796180725,71.48395764934128,-14.2195219892781,-16.385331723450356
27.812880039215088,71.48395764934128,-14.2195219892781,-16.374254318353056
27.839868783950806,-132.47173362313035,-14.2195219892781,-16.374254318353056
27.854195594787598,-132.47173362313035,-14.2195219892781,-16.410188304599867
27.92732334136963,-132.47173362313035,-14.2195219892781,-16.41594119964826
27.95954966545105,-132.47173362313035,-14.2195219892781,-16.394664877521567
28.013142347335815,-132.47173362313035,-14.2195219892781,-16.39222086838345
28.05261540412903,-132.47173362313035,-14.2195219892781,-16.405144319541034
28.09162926673889,-132.47173362313035,-14.2195219892781,-16.4067195534705
28.13155722618103,-132.47173362313035,-14.2195219892781,-16.399869910459785
28.158239126205444,-111.23015353941612,-14.2195219892781,-16.399869910459785
28.18296766281128,-111.23015353941612,-14.2195219892781,-16.400036387329664
28.25960874557495,-111.23015353941612,-14.2195219892781,-16.40456287266097
28.34182906150818,-111.23015353941612,-14.2195219892781,-16.40430802705524
28.405044317245483,-111.23015353941612,-14.2195219892781,-16.401729130317925
28.456135272979736,-111.23015353941612,-14.2195219892781,-16.402664147529443
28.49177050590515,52.19277889678069,-14.2195219892781,-16.402664147529443
28.494430780410767,52.19277889678069,-14.2195219892781,-16.405109931144796
28.549670457839966,52.19277889678069,-14.2195219892781,-16.40523759324966
28.596867561340332,52.19277889678069,-14.2195219892781,-16.404222159121677
28.6721773147583,52.19277889678069,-14.2195219892781,-16.404218939191008
28.718856811523438,52.19277889678069,-14.2195219892781,-16.40494622389482
28.772652626037598,52.19277889678069,-14.2195219892781,-16.40578637664658
28.788493156433105,74.52530766575278,-14.2195219892781,-16.40578637664658
28.812135219573975,74.52530766575278,-14.2195219892781,-16.405782928506092
28.862111806869507,74.52530766575278,-14.2195219892781,-16.405316583522886
28.900065422058105,74.52530766575278,-14.2195219892781,-16.40533666140044
28.935940265655518,74.52530766575278,-14.2195219892781,-16.405611885007737
28.97784447669983,74.52530766575278,-14.2195219892781,-16.405718945822088
29.01362633705139,74.52530766575278,-14.2195219892781,-16.406203906157344
29.04575800895691,-88.26488481862052,-14.2195219892781,-16.406203906157344
29.054025888442993,-88.26488481862052,-14.2195219892781,-16.407054302756766
29.09752106666565,-88.26488481862052,-14.2195219892781,-16.407578809081574
29.139875888824463,-88.26488481862052,-14.2195219892781,-16.407460560515773
29.174322843551636,-88.26488481862052,-14.2195219892781,-16.40731001098605
29.212918043136597,-88.26488481862052,-14.2195219892781,-16.408044981959627
29.261781215667725,-88.26488481862052,-14.2195219892781,-16.462374197192965
29.293889045715332,-170.12876476922767,-14.2195219892781,-16.462374197192965
29.321415185928345,-170.12876476922767,-14.2195219892781,-16.627031354602266
29.369316816329956,-170.12876476922767,-14.2195219892781,-16.77176063738622
29.414887189865112,-170.12876476922767,-14.2195219892781,-16.797489867212267
29.453101634979248,-170.12876476922767,-14.2195219892781,-16.726965387646246
29.48794984817505,-170.12876476922767,-14.2195219892781,-16.714530702742813
29.537580013275146,-170.12876476922767,-14.2195219892781,-16.757200419068432
29.566410303115845,-102.54126989351145,-14.2195219892781,-16.757200419068432
29.58043146133423,-102.54126989351145,-14.2195219892781,-16.76295562542376
29.619678497314453,-102.54126989351145,-14.2195219892781,-16.73722789569566
29.66891837120056,-102.54126989351145,-14.2195219892781,-16.734862424720728
29.71451449394226,-102.54126989351145,-14.2195219892781,-16.75023885023575
29.740662813186646,-102.54126989351145,-14.2195219892781,-16.750957967576067
29.775737285614014,-102.54126989351145,-14.2195219892781,-16.795378082482966
29.80440044403076,49.565378872339714,-14.2195219892781,-16.795378082482966
29.80781388282776,49.565378872339714,-14.2195219892781,-16.960049484926838
29.85192894935608,49.565378872339714,-14.2195219892781,-17.11027836539839
29.891616344451904,49.565378872339714,-14.2195219892781,-17.135409585383687
29.94162154197693,49.565378872339714,-14.2195219892781,-17.061197944608498
29.977445125579834,49.565378872339714,-14.2195219892781,-17.049067061471046
30.018728017807007,49.565378872339714,-14.2195219892781,-17.148203024789733
30.028412342071533,170.00752854343202,-14.2195219892781,-17.148203024789733
30.066954851150513,170.00752854343202,-14.2195219892781,-17.320662573052104
30.14284086227417,170.00752854343202,-14.2195219892781,-17.440626510140053
30.19644021987915,170.00752854343202,-14.2195219892781,-17.464901162167713
30.24867010116577,170.00752854343202,-14.2195219892781,-17.410336031874127
30.27789855003357,170.00752854343202,-14.2195219892781,-17.3991891199763
30.311461687088013,91.09138346804494,-14.2195219892781,-17.3991891199763
30.32146430015564,91.09138346804494,-14.2195219892781,-17.43350918128039
30.35836958885193,91.09138346804494,-14.2195219892781,-17.439815074400123
30.396536827087402,91.09138346804494,-14.2195219892781,-17.41968755710899
30.435546159744263,91.09138346804494,-14.2195219892781,-17.41686151363395
30.49230718612671,91.09138346804494,-14.2195219892781,-17.429237578322763
30.493858098983765,91.09138346804494,-17.125715069733236,-17.429237578322763
30.55071711540222,91.09138346804494,-17.125715069733236,-17.43134217814456
30.557778120040894,83.44103937190671,-17.125715069733236,-17.43134217814456
30.583678722381592,83.44103937190671,-17.125715069733236,-17.425108093949056
30.629822969436646,83.44103937190671,-17.125715069733236,-17.425307589397985
30.65595769882202,83.44103937190671,-17.125715069733236,-17.42967944897509
30.688636779785156,83.44103937190671,-17.125715069733236,-17.429423342038667
30.729926824569702,83.44103937190671,-17.125715069733236,-17.42704623401418
30.780930280685425,83.44103937190671,-17.125715069733236,-17.428270536525044
30.84471559524536,-6.701485111666524,-17.125715069733236,-17.428270536525044
30.903218507766724,-6.701485111666524,-17.125715069733236,-17.430906428246637
30.95422339439392,-6.701485111666524,-17.125715069733236,-17.431215095396485
31.026657581329346,-6.701485111666524,-17.125715069733236,-17.430271686812947
31.072731494903564,-6.701485111666524,-17.125715069733236,-17.43018823531347
31.10543990135193,-6.701485111666524,-17.125715069733236,-17.43098703765993
31.146403551101685,-6.701485111666524,-17.125715069733236,-17.431955861354098
31.175870895385742,31.071725488651637,-17.125715069733236,-17.431955861354098
31.18432331085205,31.071725488651637,-17.125715069733236,-17.43271914808652
31.216837406158447,31.071725488651637,-17.125715069733236,-17.433253124850584
31.261818647384644,31.071725488651637,-17.125715069733236,-17.43342931300439
31.297911643981934,31.071725488651637,-17.125715069733236,-17.433379048565094
31.348862648010254,31.071725488651637,-17.125715069733236,-17.434241018443675
31.415353059768677,31.071725488651637,-17.125715069733236,-17.48881436013506
31.44052243232727,66.35559883418303,-17.125715069733236,-17.48881436013506
31.48221778869629,66.35559883418303,-17.125715069733236,-17.653409025300668
31.519987106323242,66.35559883418303,-17.125715069733236,-17.797919703818117
31.553508043289185,66.35559883418303,-17.125715069733236,-17.823747670341618
31.5955753326416,66.35559883418303,-17.125715069733236,-17.75326995715413
31.645739316940308,66.35559883418303,-17.125715069733236,-17.740800687196792
31.698006629943848,66.35559883418303,-17.125715069733236,-17.83794695066377
31.703086137771606,166.9909328288611,-17.125715069733236,-17.83794695066377
31.744486570358276,166.9909328288611,-17.125715069733236,-18.010692314040128
31.77444553375244,166.9909328288611,-17.125715069733236,-18.131732202558574
31.8137104511261,166.9909328288611,-17.125715069733236,-18.15568805611006
31.864511966705322,166.9909328288611,-17.125715069733236,-18.100411889216662
31.908678770065308,166.9909328288611,-17.125715069733236,-18.089431492132764
31.94936990737915,-127.66043698926951,-17.125715069733236,-18.089431492132764
31.952933311462402,-127.66043698926951,-17.125715069733236,-18.178034668875114
31.986186742782593,-127.66043698926951,-17.125715069733236,-18.34989315422878
32.031323194503784,-127.66043698926951,-17.125715069733236,-18.47548124924683
32.06604814529419,-127.66043698926951,-17.125715069733236,-18.499372429992192
32.102036476135254,-127.66043698926951,-17.125715069733236,-18.441101306532765
32.14185547828674,-127.66043698926951,-17.125715069733236,-18.430041413648468
32.1855583190918,-127.66043698926951,-17.125715069733236,-18.520268975437148
32.18921089172363,-31.582723257546558,-17.125715069733236,-18.520268975437148
32.2247633934021,-31.582723257546558,-17.125715069733236,-18.69210743089495
32.26115894317627,-31.582723257546558,-17.125715069733236,-18.816825886215472
32.29732298851013,-31.582723257546558,-17.125715069733236,-18.840787358114717
32.33530282974243,-31.582723257546558,-17.125715069733236,-18.782993443242738
32.37593173980713,-31.582723257546558,-17.125715069733236,-18.77195670932128
32.428054094314575,79.76553358683826,-17.125715069733236,-18.77195670932128
32.43438744544983,79.76553358683826,-17.125715069733236,-18.861942852300096
32.48907423019409,79.76553358683826,-17.125715069733236,-19.033832176772865
32.516725063323975,79.76553358683826,-17.125715069733236,-19.15877764494899
32.55302715301514,79.76553358683826,-17.125715069733236,-19.182730654919894
32.59886693954468,79.76553358683826,-17.125715069733236,-19.12496636182709
32.63776135444641,79.76553358683826,-17.125715069733236,-19.113972854741405
32.685535192489624,79.76553358683826,-17.125715069733236,-19.203942517162417
32.687204122543335,79.76553358683826,-17.125715069733236,-19.203942517162417
32.720778465270996,79.76553358683826,-17.125715069733236,-19.375806920067088
32.77425694465637,79.76553358683826,-17.125715069733236,-19.500697834773494
32.82423520088196,79.76553358683826,-17.125715069733236,-19.524674542473964
32.86252450942993,79.76553358683826,-17.125715069733236,-19.466832051844687
32.89598870277405,79.76553358683826,-17.125715069733236,-19.455757124511333
32.937437295913696,-50.29699898843239,-17.125715069733236,-19.455757124511333
32.94424319267273,-50.29699898843239,-17.125715069733236,-19.49175612746753
32.97873091697693,-50.29699898843239,-17.125715069733236,-19.49757074631182
33.02321243286133,-50.29699898843239,-17.125715069733236,-19.476217461001742
33.066707611083984,-50.29699898843239,-17.125715069733236,-19.473729328137612
33.114561796188354,-50.29699898843239,-17.125715069733236,-19.48671936149222
33.16175365447998,58.36433976639721,-17.125715069733236,-19.48671936149222
33.164496660232544,58.36433976639721,-17.125715069733236,-19.488300375519636
33.1961407661438,58.36433976639721,-17.125715069733236,-19.481445536252775
33.244686126708984,58.36433976639721,-17.125715069733236,-19.481647939304878
33.27623772621155,58.36433976639721,-17.125715069733236,-19.486180396088002
33.32551646232605,58.36433976639721,-17.125715069733236,-19.485897483502026
33.35927391052246,58.36433976639721,-17.125715069733236,-19.483293971471728
33.40371632575989,58.36433976639721,-17.125715069733236,-19.484277255892465
33.41572833061218,124.86333242960156,-17.125715069733236,-19.484277255892465
33.44038128852844,124.86333242960156,-17.125715069733236,-19.486758551893086
33.47434711456299,124.86333242960156,-17.125715069733236,-19.486882076900358
33.52229642868042,124.86333242960156,-17.125715069733236,-19.48584002896949
33.574591636657715,124.86333242960156,-17.125715069733236,-19.485971985282564
33.63938331604004,124.86333242960156,-17.125715069733236,-19.487238424499573
33.674001932144165,178.99469476522486,-17.125715069733236,-19.487238424499573
33.697957277297974,178.99469476522486,-17.125715069733236,-19.488114404925025
33.74377250671387,178.99469476522486,-17.125715069733236,-19.48811592097031
33.79342603683472,178.99469476522486,-17.125715069733236,-19.48803879146694
33.840648889541626,178.99469476522486,-17.125715069733236,-19.48808773891532
33.88556122779846,178.99469476522486,-17.125715069733236,-19.488237314469007
33.92767786979675,178.99469476522486,-17.125715069733236,-19.488898014908468
34.01168513298035,178.99469476522486,-17.125715069733236,-19.543086935157547
34.0126531124115,-129.95106743439524,-17.125715069733236,-19.543086935157547
34.04395508766174,-129.95106743439524,-17.125715069733236,-19.70781654415516
34.09963798522949,-129.95106743439524,-17.125715069733236,-19.852563372862683
34.1438684463501,-129.95106743439524,-17.125715069733236,-19.87829323414994
34.175310134887695,-129.95106743439524,-17.125715069733236,-19.807607075177348
34.203598499298096,-129.95106743439524,-17.125715069733236,-19.795208118800126
34.244393825531006,-129.95106743439524,-17.125715069733236,-19.892424893115795
34.26196050643921,-119.48963635458985,-17.125715069733236,-19.892424893115795
34.28417229652405,-119.48963635458985,-17.125715069733236,-20.065030912021385
34.314998626708984,-119.48963635458985,-17.125715069733236,-20.1860765081769
34.352325677871704,-119.48963635458985,-17.125715069733236,-20.210089259206164
34.390883922576904,-119.48963635458985,-17.125715069733236,-20.154767989165816
34.42825889587402,-119.48963635458985,-17.125715069733236,-20.143716719848957
34.4810357093811,119.00266335428891,-17.125715069733236,-20.143716719848957
34.48692846298218,119.00266335428891,-17.125715069733236,-20.2322692975326
34.528473138809204,119.00266335428891,-17.125715069733236,-20.404213976655054
34.559977769851685,119.00266335428891,-17.125715069733236,-20.530027073161293
34.609150648117065,119.00266335428891,-17.125715069733236,-20.553920594448194
34.6435341835022,119.00266335428891,-17.125715069733236,-20.49548513122465
34.678417682647705,119.00266335428891,-17.125715069733236,-20.484492862007464
34.711549520492554,-57.1027851683518,-17.125715069733236,-20.484492862007464
34.715786933898926,-57.1027851683518,-17.125715069733236,-20.57484051625578
34.75792598724365,-57.1027851683518,-17.125715069733236,-20.746726494421882
34.78860831260681,-57.1027851683518,-17.125715069733236,-20.871516304671307
34.834033489227295,-57.1027851683518,-17.125715069733236,-20.89549974733238
34.880552530288696,-57.1027851683518,-17.125715069733236,-20.83784164587275
34.91693425178528,-57.1027851683518,-17.125715069733236,-20.82679902332367
34.94463062286377,39.48415342464145,-17.125715069733236,-20.82679902332367
34.951767921447754,39.48415342464145,-17.125715069733236,-20.86272557278043
34.995919704437256,39.48415342464145,-17.125715069733236,-20.868627136090296
35.03755807876587,39.48415342464145,-17.125715069733236,-20.847382497993028
35.06987500190735,39.48415342464145,-17.125715069733236,-20.84484468580234
35.130287885665894,39.48415342464145,-17.125715069733236,-20.857789752374728
35.18176603317261,39.48415342464145,-17.125715069733236,-20.859465520357453
35.19479823112488,78.99662450128733,-17.125715069733236,-20.859465520357453
35.234675884246826,78.99662450128733,-17.125715069733236,-20.852700834297803
35.26303291320801,78.99662450128733,-17.125715069733236,-20.85295321992374
35.2958550453186,78.99662450128733,-17.125715069733236,-20.85750105929707
35.34696578979492,78.99662450128733,-17.125715069733236,-20.857184239872723
35.38636255264282,78.99662450128733,-17.125715069733236,-20.854609800014853
35.4154736995697,78.99662450128733,-17.125715069733236,-20.855671487225383
35.4438796043396,110.06868964803925,-17.125715069733236,-20.855671487225383
35.4610059261322,110.06868964803925,-17.125715069733236,-20.858203998855565
35.497066020965576,110.06868964803925,-17.125715069733236,-20.858341286732646
35.52967834472656,110.06868964803925,-17.125715069733236,-20.857338240057324
35.60746693611145,110.06868964803925,-17.125715069733236,-20.85749131179358
35.659902572631836,110.06868964803925,-17.125715069733236,-20.858807240054585
35.738605260849,110.06868964803925,-17.125715069733236,-20.859707955759433
35.76130032539368,156.30606659897714,-17.125715069733236,-20.859707955759433
35.82305979728699,156.30606659897714,-17.125715069733236,-20.859795745863973
35.85853552818298,156.30606659897714,-17.125715069733236,-20.85976699420201
35.90475583076477,156.30606659897714,-17.125715069733236,-20.859760906371974
35.954219818115234,156.30606659897714,-17.125715069733236,-20.859908384739963
36.03775763511658,156.30606659897714,-17.125715069733236,-20.86067757125736
36.076664686203,156.30606659897714,-17.125715069733236,-20.861601025294505
36.115161418914795,11.412269120880968,-17.125715069733236,-20.861601025294505
36.11629509925842,11.412269120880968,-17.125715069733236,-20.861972141572345
36.177597761154175,11.412269120880968,-17.125715069733236,-20.861919176283994
36.25390124320984,11.412269120880968,-17.125715069733236,-20.86176203800242
36.3087432384491,11.412269120880968,-17.125715069733236,-20.861932701600324
36.36270093917847,11.412269120880968,-17.125715069733236,-20.862771312818666
36.438910484313965,-113.4551743413259,-17.125715069733236,-20.862771312818666
36.44703269004822,-113.4551743413259,-17.125715069733236,-20.863679608656337
36.50946092605591,-113.4551743413259,-17.125715069733236,-20.864026278329344
36.55652666091919,-113.4551743413259,-17.125715069733236,-20.863989996779964
36.613879919052124,-113.4551743413259,-17.125715069733236,-20.86381931334604
36.640843629837036,-113.4551743413259,-17.125715069733236,-20.863985661358804
36.68980097770691,-113.4551743413259,-17.125715069733236,-20.86485021186281
36.76297116279602,-113.4551743413259,-17.125715069733236,-20.91917813652295
36.8004047870636,-6.983598533237347,-17.125715069733236,-20.91917813652295
36.816731452941895,-6.983598533237347,-17.125715069733236,-21.083808738865162
36.86947011947632,-6.983598533237347,-17.125715069733236,-21.228298167110545
36.94439649581909,-6.983598533237347,-17.125715069733236,-21.253961988113684
36.973907470703125,-6.983598533237347,-17.125715069733236,-21.183392640720548
37.04163956642151,-6.983598533237347,-17.125715069733236,-21.171085677964804
37.078712463378906,-64.39012126435198,-17.125715069733236,-21.171085677964804
37.11402773857117,-64.39012126435198,-17.125715069733236,-21.213945438780623
37.14345145225525,-64.39012126435198,-17.125715069733236,-21.21930055705826
37.19834518432617,-64.39012126435198,-17.125715069733236,-21.193282075252664
37.24562096595764,-64.39012126435198,-17.125715069733236,-21.191230312174035
37.29398322105408,-64.39012126435198,-17.125715069733236,-21.206760374554165
37.34160280227661,-64.39012126435198,-17.125715069733236,-21.207197845276184
37.39102530479431,-64.39012126435198,-17.125715069733236,-21.251542370251762
37.43988919258118,43.06994971615505,-17.125715069733236,-21.251542370251762
37.46576142311096,43.06994971615505,-17.125715069733236,-21.416423939990082
37.48785328865051,43.06994971615505,-17.125715069733236,-21.56654402546305
37.53048872947693,43.06994971615505,-17.125715069733236,-21.591459529479206
37.58589696884155,43.06994971615505,-17.125715069733236,-21.517220590872583
37.65188384056091,43.06994971615505,-17.125715069733236,-21.505366761298717
37.68985199928284,-150.66635479025393,-17.125715069733236,-21.505366761298717
37.70483922958374,-150.66635479025393,-17.125715069733236,-21.550174901866747
37.75594520568848,-150.66635479025393,-17.125715069733236,-21.554912332421654
37.791263580322266,-150.66635479025393,-17.125715069733236,-21.527589010409688
37.83232402801514,-150.66635479025393,-17.125715069733236,-21.525934957052282
37.86732220649719,-150.66635479025393,-17.125715069733236,-21.54214243417464
37.9010009765625,-150.66635479025393,-17.125715069733236,-21.542003118873314
37.94753360748291,-150.66635479025393,-17.125715069733236,-21.58568881511399
37.97685194015503,-150.66635479025393,-17.125715069733236,-21.58568881511399
38.001458406448364,-150.66635479025393,-17.125715069733236,-21.75083824031238
38.05394506454468,-150.66635479025393,-17.125715069733236,-21.901478319948808
38.09945106506348,-150.66635479025393,-17.125715069733236,-21.926208516352517
38.15150165557861,-150.66635479025393,-17.125715069733236,-21.851761896592546
38.18804430961609,-150.66635479025393,-17.125715069733236,-21.839957943571196
38.23274898529053,-55.526254127992374,-17.125715069733236,-21.839957943571196
38.24612355232239,-55.526254127992374,-17.125715069733236,-21.884636879824555
38.28253936767578,-55.526254127992374,-17.125715069733236,-21.88949076936936
38.318822145462036,-55.526254127992374,-17.125715069733236,-21.862224677885123
38.348740100860596,-55.526254127992374,-17.125715069733236,-21.86053195370251
38.38404417037964,-55.526254127992374,-17.125715069733236,-21.876807651353595
38.42594814300537,-55.526254127992374,-17.125715069733236,-21.876991065548143
38.47852826118469,-55.526254127992374,-17.125715069733236,-21.92071208367957
38.49078178405762,-16.898916577937303,-17.125715069733236,-21.92071208367957
38.5495388507843,-16.898916577937303,-17.125715069733236,-22.08544354882359
38.61626362800598,-16.898916577937303,-17.125715069733236,-22.23550669945383
38.65915489196777,-16.898916577937303,-17.125715069733236,-22.260511734251857
38.69460153579712,-16.898916577937303,-17.125715069733236,-22.186363652396544
38.734713315963745,-16.898916577937303,-17.125715069733236,-22.17426147005591
38.782355546951294,-16.898916577937303,-17.125715069733236,-22.273557296299874
38.83334994316101,-16.898916577937303,-17.125715069733236,-22.446000091150278
38.83640098571777,-0.15898072836543373,-17.125715069733236,-22.446000091150278
38.851051568984985,-0.15898072836543373,-17.125715069733236,-22.56566844109946
38.88791799545288,-0.15898072836543373,-17.125715069733236,-22.589674769030978
38.92236542701721,-0.15898072836543373,-17.125715069733236,-22.535419248458837
38.98524856567383,-0.15898072836543373,-17.125715069733236,-22.524334106043348
39.03610372543335,-0.15898072836543373,-17.125715069733236,-22.558550502718873
39.05356979370117,28.328366361754846,-17.125715069733236,-22.558550502718873
39.06678533554077,28.328366361754846,-17.125715069733236,-22.564866094206984
39.10252594947815,28.328366361754846,-17.125715069733236,-22.544660460074155
39.153897285461426,28.328366361754846,-17.125715069733236,-22.541818696234795
39.18132710456848,28.328366361754846,-17.125715069733236,-22.554491734842497
39.258477449417114,28.328366361754846,-17.125715069733236,-22.55667395750851
39.3178129196167,28.328366361754846,-17.125715069733236,-22.54980162515603
39.33526682853699,13.500566922922772,-17.125715069733236,-22.54980162515603
39.360650062561035,13.500566922922772,-17.125715069733236,-22.549652227328487
39.39975714683533,13.500566922922772,-17.125715069733236,-22.55452482873082
39.4620635509491,13.500566922922772,-17.125715069733236,-22.55457658454145
39.50622320175171,13.500566922922772,-17.125715069733236,-22.552557669818253
39.58488440513611,61.281259659815724,-17.125715069733236,-22.552557669818253
39.59891867637634,61.281259659815724,-17.125715069733236,-22.60753593554129
39.655563831329346,61.281259659815724,-17.125715069733236,-22.774101430821762
39.68483352661133,61.281259659815724,-17.125715069733236,-22.91798447477821
39.74778342247009,61.281259659815724,-17.125715069733236,-22.94250179841027
39.774579763412476,61.281259659815724,-17.125715069733236,-22.872458788177834
39.81709051132202,61.281259659815724,-17.125715069733236,-22.8605470959429
39.846575021743774,61.281259659815724,-17.125715069733236,-22.957421139073627
39.88192272186279,-40.920465781612265,-17.125715069733236,-22.957421139073627
39.891406774520874,-40.920465781612265,-17.125715069733236,-23.130060195571932
39.93675208091736,-40.920465781612265,-17.125715069733236,-23.251233575608694
39.973961353302,-40.920465781612265,-17.125715069733236,-23.275005300612523
40.05267643928528,-40.920465781612265,-17.125715069733236,-23.219458220350514
40.11410999298096,-40.920465781612265,-17.125715069733236,-23.208174771710574
40.12324285507202,-40.920465781612265,-17.125715069733236,-23.208174771710574
40.16904807090759,-40.920465781612265,-17.125715069733236,-23.242838961636075
40.19806742668152,-40.920465781612265,-17.125715069733236,-23.248435223183982
40.241880655288696,-40.920465781612265,-17.125715069733236,-23.22744422558257
40.29047083854675,-40.920465781612265,-17.125715069733236,-23.22509258666106
40.326773166656494,-40.920465781612265,-17.125715069733236,-23.238074066623106
40.36865782737732,-40.920465781612265,-17.125715069733236,-23.239980668666785
40.40166115760803,-40.920465781612265,-17.125715069733236,-23.286554652621206
40.431567430496216,-9.055361196594836,-17.125715069733236,-23.286554652621206
40.46144151687622,-9.055361196594836,-17.125715069733236,-23.45032657170741
40.48580813407898,-9.055361196594836,-17.125715069733236,-23.598580365877798
40.52111268043518,-9.055361196594836,-17.125715069733236,-23.624239551527676
40.5606746673584,-9.055361196594836,-17.125715069733236,-23.55122797522335
40.595542669296265,-9.055361196594836,-17.125715069733236,-23.538985937636568
40.6513454914093,-9.055361196594836,-17.125715069733236,-23.637786010736846
40.65262031555176,-92.48766782093598,-17.125715069733236,-23.637786010736846
40.680376291275024,-92.48766782093598,-17.125715069733236,-23.810297454566317
40.723652601242065,-92.48766782093598,-17.125715069733236,-23.930064099037125
40.78740119934082,-92.48766782093598,-17.125715069733236,-23.95391965954516
40.83397436141968,-92.48766782093598,-20.750449979184953,-23.95391965954516
40.837027072906494,-92.48766782093598,-20.750449979184953,-23.899553167079805
40.891271352767944,-92.48766782093598,-20.750449979184953,-23.88875486598209
40.8960394859314,-43.539251930187646,-20.750449979184953,-23.88875486598209
40.92558240890503,-43.539251930187646,-20.750449979184953,-23.92293947788367
40.96160531044006,-43.539251930187646,-20.750449979184953,-23.929007880472327
41.00039553642273,-43.539251930187646,-20.750449979184953,-23.90889656486542
41.03579545021057,-43.539251930187646,-20.750449979184953,-23.906284754673553
41.07092809677124,-43.539251930187646,-20.750449979184953,-23.918863094770543
41.11595010757446,-43.539251930187646,-20.750449979184953,-23.92101003335704
41.16303038597107,-43.539251930187646,-20.750449979184953,-23.914316755802968
41.1650025844574,-43.539251930187646,-20.750449979184953,-23.914316755802968
41.204625844955444,-43.539251930187646,-20.750449979184953,-23.914069535022925
41.24714255332947,-43.539251930187646,-20.750449979184953,-23.91855625284507
41.305118560791016,-43.539251930187646,-20.750449979184953,-23.91865608990925
41.33639216423035,-43.539251930187646,-20.750449979184953,-23.915998071344603
41.37992882728577,-43.539251930187646,-20.750449979184953,-23.91679864821241
41.40099382400513,-67.48140647513247,-20.750449979184953,-23.91679864821241
41.42315936088562,-67.48140647513247,-20.750449979184953,-23.919746898745156
41.46737718582153,-67.48140647513247,-20.750449979184953,-23.92047204426707
41.495502948760986,-67.48140647513247,-20.750449979184953,-23.919286113657822
41.54258108139038,-67.48140647513247,-20.750449979184953,-23.919014151536004
41.61972117424011,-67.48140647513247,-20.750449979184953,-23.920105113980522
41.68056893348694,-67.48140647513247,-20.750449979184953,-23.921027551331655
41.70993518829346,-133.4390593953537,-20.750449979184953,-23.921027551331655
41.73908567428589,-133.4390593953537,-20.750449979184953,-23.920949422576523
41.77707505226135,-133.4390593953537,-20.750449979184953,-23.920430795426466
41.8512647151947,-133.4390593953537,-20.750449979184953,-23.920442777225812
41.89154028892517,-133.4390593953537,-20.750449979184953,-23.920800209294907
41.96189069747925,-133.4390593953537,-20.750449979184953,-23.92102732145804
42.00734090805054,-54.37428973762673,-20.750449979184953,-23.92102732145804
42.0421781539917,-54.37428973762673,-20.750449979184953,-23.92202854351117
42.09591221809387,-54.37428973762673,-20.750449979184953,-23.923040024897432
42.12246584892273,-54.37428973762673,-20.750449979184953,-23.923058296440388
42.19619679450989,-54.37428973762673,-20.750449979184953,-23.92315014552895
42.235376834869385,-54.37428973762673,-20.750449979184953,-23.923447942333357
42.27663254737854,-54.37428973762673,-20.750449979184953,-23.924047515705993
42.338648319244385,-54.37428973762673,-20.750449979184953,-23.978261350686083
42.37172508239746,-141.85445277824547,-20.750449979184953,-23.978261350686083
42.392006158828735,-141.85445277824547,-20.750449979184953,-24.143290953934066
42.438005208969116,-141.85445277824547,-20.750449979184953,-24.288133174718833
42.485451221466064,-141.85445277824547,-20.750449979184953,-24.313473073534333
42.54058074951172,-141.85445277824547,-20.750449979184953,-24.24270790701202
42.58068895339966,-141.85445277824547,-20.750449979184953,-24.23079910858199
42.62517213821411,-93.45503712141642,-20.750449979184953,-24.23079910858199
42.63615369796753,-93.45503712141642,-20.750449979184953,-24.27343482979766
42.678367376327515,-93.45503712141642,-20.750449979184953,-24.278578857214683
42.715447187423706,-93.45503712141642,-20.750449979184953,-24.252602886634865
42.7671263217926,-93.45503712141642,-20.750449979184953,-24.250662533683066
42.804603576660156,-93.45503712141642,-20.750449979184953,-24.26618032104217
42.86361622810364,-93.45503712141642,-20.750449979184953,-24.266792502513848
42.90389943122864,-93.45503712141642,-20.750449979184953,-24.257518164341075
42.90796089172363,-62.050064126369094,-20.750449979184953,-24.257518164341075
42.954042196273804,-62.050064126369094,-20.750449979184953,-24.257265691852293
42.98714232444763,-62.050064126369094,-20.750449979184953,-24.262720879679154
43.04958486557007,-62.050064126369094,-20.750449979184953,-24.26266813265258
43.09719705581665,-62.050064126369094,-20.750449979184953,-24.259124738360278
43.15019965171814,-62.050064126369094,-20.750449979184953,-24.25902016051297
43.1871862411499,54.103592191001624,-20.750449979184953,-24.25902016051297
43.19860243797302,54.103592191001624,-20.750449979184953,-24.26136554860095
43.23380732536316,54.103592191001624,-20.750449979184953,-24.26150828373936
43.27899193763733,54.103592191001624,-20.750449979184953,-24.26004216829397
43.32281422615051,54.103592191001624,-20.750449979184953,-24.259981967030157
43.38947367668152,54.103592191001624,-20.750449979184953,-24.260948813533986
43.4410662651062,54.103592191001624,-20.750449979184953,-24.260998651681252
43.45732283592224,101.28511981032139,-20.750449979184953,-24.260998651681252
43.49976444244385,101.28511981032139,-20.750449979184953,-24.260137228976678
43.53981614112854,101.28511981032139,-20.750449979184953,-24.259800875065057
43.568429708480835,101.28511981032139,-20.750449979184953,-24.260252146273547
43.615174293518066,101.28511981032139,-20.750449979184953,-24.260399694073858
43.65423035621643,101.28511981032139,-20.750449979184953,-24.25993287004624
43.703957319259644,101.28511981032139,-20.750449979184953,-24.25988017927882
43.74704360961914,125.1899101354723,-20.750449979184953,-24.25988017927882
43.75265121459961,125.1899101354723,-20.750449979184953,-24.260419924290503
43.80421447753906,125.1899101354723,-20.750449979184953,-24.260077096100034
43.83808445930481,125.1899101354723,-20.750449979184953,-24.25964797110249
43.873265504837036,125.1899101354723,-20.750449979184953,-24.259922703137025
43.910606145858765,125.1899101354723,-20.750449979184953,-24.259961309815427
43.9584014415741,125.1899101354723,-20.750449979184953,-24.259464419695583
44.00135803222656,-55.471604177491194,-20.750449979184953,-24.259464419695583
44.005143880844116,-55.471604177491194,-20.750449979184953,-24.259654551199723
44.05268359184265,-55.471604177491194,-20.750449979184953,-24.260162411809898
44.10489201545715,-55.471604177491194,-20.750449979184953,-24.259928744154198
44.13688945770264,-55.471604177491194,-20.750449979184953,-24.259552999355908
44.18575835227966,-55.471604177491194,-20.750449979184953,-24.259711589912353
44.21772074699402,-55.471604177491194,-20.750449979184953,-24.259961754800496
44.26049566268921,-62.91589128066129,-20.750449979184953,-24.259961754800496
44.267767667770386,-62.91589128066129,-20.750449979184953,-24.25950521135356
44.3105628490448,-62.91589128066129,-20.750449979184953,-24.259367751792425
44.38569521903992,-62.91589128066129,-20.750449979184953,-24.259571349206002
44.427011013031006,-62.91589128066129,-20.750449979184953,-24.25943336074076
44.48722791671753,-62.91589128066129,-20.750449979184953,-24.259290188515653
44.54591131210327,-62.91589128066129,-20.750449979184953,-24.25953337167629
44.56494069099426,80.58415588306525,-20.750449979184953,-24.25953337167629
44.604724168777466,80.58415588306525,-20.750449979184953,-24.259365238077013
44.64935493469238,80.58415588306525,-20.750449979184953,-24.259113119281565
44.6974139213562,80.58415588306525,-20.750449979184953,-24.25922405731893
44.76179814338684,80.58415588306525,-20.750449979184953,-24.259186983646533
44.79450535774231,80.58415588306525,-20.750449979184953,-24.258778279323923
44.84510779380798,-18.939577333314382,-20.750449979184953,-24.258778279323923
44.84841799736023,-18.939577333314382,-20.750449979184953,-24.258991871423714
44.90040373802185,-18.939577333314382,-20.750449979184953,-24.259429617187863
44.9290828704834,-18.939577333314382,-20.750449979184953,-24.259172099000832
44.967719078063965,-18.939577333314382,-20.750449979184953,-24.25889131624525
45.00066566467285,-18.939577333314382,-20.750449979184953,-24.259146920729982
45.040740966796875,-18.939577333314382,-20.750449979184953,-24.259371451967368
45.07626676559448,-18.939577333314382,-20.750449979184953,-24.312705577404806
45.11630368232727,-18.939577333314382,-20.750449979184953,-24.312705577404806
45.13084411621094,-18.939577333314382,-20.750449979184953,-24.47721078273875
45.181891679763794,-18.939577333314382,-20.750449979184953,-24.622379281335164
45.242653608322144,-18.939577333314382,-20.750449979184953,-24.648180495187685
45.28727149963379,-18.939577333314382,-20.750449979184953,-24.576925895240844
45.33396244049072,-18.939577333314382,-20.750449979184953,-24.56473916200541
45.37649989128113,26.983615628795885,-20.750449979184953,-24.56473916200541
45.377995014190674,26.983615628795885,-20.750449979184953,-24.608019051974715
45.42536687850952,26.983615628795885,-20.750449979184953,-24.613057702521925
45.47312641143799,26.983615628795885,-20.750449979184953,-24.586736202676683
45.50928068161011,26.983615628795885,-20.750449979184953,-24.58515505255136
45.54121255874634,26.983615628795885,-20.750449979184953,-24.600767164435435
45.578901052474976,26.983615628795885,-20.750449979184953,-24.60067627206359
45.63939547538757,26.983615628795885,-20.750449979184953,-24.644931709644652
45.64404082298279,4.68704552987157,-20.750449979184953,-24.644931709644652
45.69774556159973,4.68704552987157,-20.750449979184953,-24.810435304517327
45.718623638153076,4.68704552987157,-20.750449979184953,-24.96072542074302
45.75264596939087,4.68704552987157,-20.750449979184953,-24.98508308466204
45.78616738319397,4.68704552987157,-20.750449979184953,-24.91098651176368
45.818859577178955,4.68704552987157,-20.750449979184953,-24.899586016845436
45.859572887420654,4.68704552987157,-20.750449979184953,-24.9983281809867
45.871466636657715,-133.95756959217735,-20.750449979184953,-24.9983281809867
45.90285515785217,-133.95756959217735,-20.750449979184953,-25.170194123880457
45.95156168937683,-133.95756959217735,-20.750449979184953,-25.290324828561353
45.97992706298828,-133.95756959217735,-20.750449979184953,-25.314537524509745
46.0294303894043,-133.95756959217735,-20.750449979184953,-25.25979194620518
46.06379818916321,-133.95756959217735,-20.750449979184953,-25.24899393042791
46.10275745391846,-133.95756959217735,-20.750449979184953,-25.283409416814447
46.12467098236084,-83.8183535828183,-20.750449979184953,-25.283409416814447
46.15410614013672,-83.8183535828183,-20.750449979184953,-25.289296481364556
46.1936776638031,-83.8183535828183,-20.750449979184953,-25.269161689529277
46.25757718086243,-83.8183535828183,-20.750449979184953,-25.26665124896258
46.296759605407715,-83.8183535828183,-20.750449979184953,-25.278927107776905
46.35027480125427,-83.8183535828183,-20.750449979184953,-25.280781953303766
46.37295460700989,63.25743814931611,-20.750449979184953,-25.280781953303766
46.39391827583313,63.25743814931611,-20.750449979184953,-25.274696543275404
46.43168616294861,63.25743814931611,-20.750449979184953,-25.275027993095716
46.4634063243866,63.25743814931611,-20.750449979184953,-25.279307462871426
46.504027366638184,63.25743814931611,-20.750449979184953,-25.278969849027643
46.547505140304565,63.25743814931611,-20.750449979184953,-25.276650951690815
46.58553194999695,63.25743814931611,-20.750449979184953,-25.277948671831883
46.60885047912598,-162.27236794028394,-20.750449979184953,-25.277948671831883
46.633068799972534,-162.27236794028394,-20.750449979184953,-25.280506638416792
46.65900683403015,-162.27236794028394,-20.750449979184953,-25.280695041797753
46.698331117630005,-162.27236794028394,-20.750449979184953,-25.279851822327743
46.75299668312073,-162.27236794028394,-20.750449979184953,-25.28002967773
46.79157114028931,-162.27236794028394,-20.750449979184953,-25.28147145435136
46.85103964805603,-162.27236794028394,-20.750449979184953,-25.335846226039628
46.86366295814514,157.5021679162232,-20.750449979184953,-25.335846226039628
46.90359687805176,157.5021679162232,-20.750449979184953,-25.500041401981075
46.95342493057251,157.5021679162232,-20.750449979184953,-25.644566855534052
47.019349098205566,157.5021679162232,-20.750449979184953,-25.67054488221156
47.068477153778076,157.5021679162232,-20.750449979184953,-25.599912734649696
47.11356997489929,157.5021679162232,-20.750449979184953,-25.587380261884828
47.16172003746033,-53.136055229141995,-20.750449979184953,-25.587380261884828
47.166889667510986,-53.136055229141995,-20.750449979184953,-25.630288238474666
47.22500514984131,-53.136055229141995,-20.750449979184953,-25.635783347562366
47.27960395812988,-53.136055229141995,-20.750449979184953,-25.60976913227507
47.342116594314575,-53.136055229141995,-20.750449979184953,-25.607634381829147
47.40993070602417,-53.136055229141995,-20.750449979184953,-25.62314948751365
47.4606773853302,-53.136055229141995,-20.750449979184953,-25.623641472288135
47.4840362071991,-39.246374857487965,-20.750449979184953,-25.623641472288135
47.53990840911865,-39.246374857487965,-20.750449979184953,-25.61448596454686
47.557777881622314,-39.246374857487965,-20.750449979184953,-25.614615508767983
47.60220456123352,-39.246374857487965,-20.750449979184953,-25.619950131640728
47.634418964385986,-39.246374857487965,-20.750449979184953,-25.61957955426062
47.684170961380005,-39.246374857487965,-20.750449979184953,-25.616300180635374
47.76494288444519,-39.246374857487965,-20.750449979184953,-25.61657196923248
47.77217745780945,-165.31908795322153,-20.750449979184953,-25.61657196923248
47.82167339324951,-165.31908795322153,-20.750449979184953,-25.61866096998051
47.86818504333496,-165.31908795322153,-20.750449979184953,-25.618446664770985
47.923104763031006,-165.31908795322153,-20.750449979184953,-25.617042702151032
47.95960021018982,-165.31908795322153,-20.750449979184953,-25.617193545224097
48.019994020462036,-165.31908795322153,-20.750449979184953,-25.61790142628516
48.05790948867798,-165.31908795322153,-20.750449979184953,-25.617697131311267
48.093565225601196,-106.99089737975459,-20.750449979184953,-25.617697131311267
48.11227345466614,-106.99089737975459,-20.750449979184953,-25.617460983583435
48.15101146697998,-106.99089737975459,-20.750449979184953,-25.61757374322443
48.18732261657715,-106.99089737975459,-20.750449979184953,-25.61755174566551
48.2476487159729,-106.99089737975459,-20.750449979184953,-25.617462614040303
48.30258870124817,-106.99089737975459,-20.750449979184953,-25.61736009195719
48.35319685935974,-106.99089737975459,-20.750449979184953,-25.617370771565255
48.38229155540466,-122.83328417954603,-20.750449979184953,-25.617370771565255
48.406583309173584,-122.83328417954603,-20.750449979184953,-25.617551137962856
48.45227265357971,-122.83328417954603,-20.750449979184953,-25.617512924271093
48.48883008956909,-122.83328417954603,-20.750449979184953,-25.617274307656945
48.545169830322266,-122.83328417954603,-20.750449979184953,-25.61727300648542
48.59411287307739,-122.83328417954603,-20.750449979184953,-25.61730626998535
48.64388632774353,-122.83328417954603,-20.750449979184953,-25.61722366469333
48.68488955497742,-122.83328417954603,-20.750449979184953,-25.61722366469333
48.68936276435852,-122.83328417954603,-20.750449979184953,-25.617355517518302
48.73518633842468,-122.83328417954603,-20.750449979184953,-25.617385196283163
48.770546197891235,-122.83328417954603,-20.750449979184953,-25.61718041502298
48.82389497756958,-122.83328417954603,-20.750449979184953,-25.61712579198613
48.869948863983154,-122.83328417954603,-20.750449979184953,-25.617135172715187
48.90251350402832,-122.83328417954603,-20.750449979184953,-25.61709800813419
48.94600558280945,-122.83328417954603,-20.750449979184953,-25.61709800813419
48.955567598342896,-122.83328417954603,-20.750449979184953,-25.617239297752455
48.99961853027344,-122.83328417954603,-20.750449979184953,-25.617246528083946
49.03413915634155,-122.83328417954603,-20.750449979184953,-25.617026398516963
49.09249997138977,-122.83328417954603,-20.750449979184953,-25.6168600260432
49.12630486488342,-122.83328417954603,-20.750449979184953,-25.616942888986276
49.18307709693909,-122.83328417954603,-20.750449979184953,-25.67078559507186
49.19594097137451,-168.88178163263177,-20.750449979184953,-25.67078559507186
49.23021936416626,-168.88178163263177,-20.750449979184953,-25.835751327312927
49.26596760749817,-168.88178163263177,-20.750449979184953,-25.980601385499913
49.30563259124756,-168.88178163263177,-20.750449979184953,-26.006087320832663
49.34356141090393,-168.88178163263177,-20.750449979184953,-25.93527128062291
49.38596963882446,-168.88178163263177,-20.750449979184953,-25.92303307841983
49.42597317695618,-168.88178163263177,-20.750449979184953,-26.02033583652363
49.45332098007202,-92.77551676963729,-20.750449979184953,-26.02033583652363
49.463465213775635,-92.77551676963729,-20.750449979184953,-26.19283872288715
49.506046533584595,-92.77551676963729,-20.750449979184953,-26.31367077492228
49.54726266860962,-92.77551676963729,-20.750449979184953,-26.3377491965684
49.598695278167725,-92.77551676963729,-20.750449979184953,-26.282600026630373
49.64641451835632,-92.77551676963729,-20.750449979184953,-26.271678768599774
49.700013160705566,-158.931080109375,-20.750449979184953,-26.271678768599774
49.743359327316284,-158.931080109375,-20.750449979184953,-26.30629311164229
49.783167600631714,-158.931080109375,-20.750449979184953,-26.312242042664092
49.824185371398926,-158.931080109375,-20.750449979184953,-26.29192657352463
49.87927985191345,-158.931080109375,-20.750449979184953,-26.28936912967258
49.946728229522705,-158.931080109375,-20.750449979184953,-26.301850247013647
49.98977017402649,-158.931080109375,-20.750449979184953,-26.303699891564147
50.02831411361694,-93.40358348515464,-20.750449979184953,-26.303699891564147
50.06870794296265,-93.40358348515464,-20.750449979184953,-26.29735958875611
50.10861611366272,-93.40358348515464,-20.750449979184953,-26.29760921522544
50.15948796272278,-93.40358348515464,-20.750449979184953,-26.302031691037715
50.219183683395386,-93.40358348515464,-20.750449979184953,-26.301725013293503
50.264604568481445,-93.40358348515464,-20.750449979184953,-26.299284114863596
50.29880619049072,-93.40358348515464,-20.750449979184953,-26.30049930716995
50.34002900123596,-93.40358348515464,-20.750449979184953,-26.35649633484305
50.34715962409973,-93.40358348515464,-20.750449979184953,-26.35649633484305
50.379236459732056,-93.40358348515464,-20.750449979184953,-26.520923250862072
50.42029142379761,-93.40358348515464,-20.750449979184953,-26.664508164612663
50.46332669258118,-93.40358348515464,-20.750449979184953,-26.690370951955533
50.52153038978577,-93.40358348515464,-20.750449979184953,-26.620506557190087
50.55145072937012,-93.40358348515464,-20.750449979184953,-26.608250600709564
50.593828439712524,-93.40358348515464,-20.750449979184953,-26.65075984313525
50.60523438453674,-93.40358348515464,-20.750449979184953,-26.65075984313525
50.639891386032104,-93.40358348515464,-20.750449979184953,-26.65620873513838
50.67560291290283,-93.40358348515464,-20.750449979184953,-26.63054388998117
50.71111011505127,-93.40358348515464,-20.750449979184953,-26.628446296147867
50.75678634643555,-93.40358348515464,-20.750449979184953,-26.64380512446529
50.81762647628784,-93.40358348515464,-20.750449979184953,-26.644401190876916
50.84703278541565,-63.23970154838884,-20.750449979184953,-26.644401190876916
50.865473985672,-63.23970154838884,-20.750449979184953,-26.635429414435244
50.89736890792847,-63.23970154838884,-20.750449979184953,-26.635645573719277
50.93541145324707,-63.23970154838884,-20.750449979184953,-26.640920116349815
50.970258712768555,-63.23970154838884,-20.750449979184953,-26.640523269995374
51.02114272117615,-63.23970154838884,-20.750449979184953,-26.637300709209768
51.05180287361145,-63.23970154838884,-20.750449979184953,-26.63774989247963
51.078081369400024,-138.63806051744712,-20.750449979184953,-26.63774989247963
51.08970522880554,-138.63806051744712,-20.750449979184953,-26.63994685375065
51.1325044631958,-138.63806051744712,-20.750449979184953,-26.639676856538205
51.1767954826355,-138.63806051744712,-20.750449979184953,-26.63833843494516
51.25297284126282,-138.63806051744712,-20.750449979184953,-26.638519484002
51.32288718223572,-138.63806051744712,-20.750449979184953,-26.639210871575127
51.36276936531067,-138.63806051744712,-20.750449979184953,-26.63933206402895
51.381227254867554,-138.63806051744712,-20.750449979184953,-26.63933206402895
51.41876983642578,-138.63806051744712,-20.750449979184953,-26.63891662804695
51.468395948410034,-138.63806051744712,-20.750449979184953,-26.638846384061363
51.51176857948303,-138.63806051744712,-20.750449979184953,-26.639084414380548
51.55491900444031,-138.63806051744712,-20.750449979184953,-26.639035333779564
51.58997893333435,-138.63806051744712,-20.750449979184953,-26.63896630124168
51.64620065689087,-138.63806051744712,-20.750449979184953,-26.69287459047524
51.67938280105591,164.57469562054968,-20.750449979184953,-26.69287459047524
51.70525002479553,164.57469562054968,-20.750449979184953,-26.858016629229834
51.73472809791565,164.57469562054968,-20.750449979184953,-27.002806504982175
51.76903200149536,164.57469562054968,-20.750449979184953,-27.028223830482478
51.82568168640137,164.57469562054968,-20.750449979184953,-26.957527300381678
51.90951108932495,164.57469562054968,-20.750449979184953,-26.945669344833213
51.94063878059387,-71.62132394930865,-20.750449979184953,-26.945669344833213
51.94759273529053,-71.62132394930865,-20.750449979184953,-26.988414698685744
51.98011326789856,-71.62132394930865,-20.750449979184953,-26.99339480301895
52.0041344165802,-71.62132394930865,-20.750449979184953,-26.967588577962356
52.04331088066101,-71.62132394930865,-20.750449979184953,-26.965825252198908
52.07041311264038,-71.62132394930865,-20.750449979184953,-26.98139729381935
52.11473512649536,-71.62132394930865,-20.750449979184953,-26.981883597482515
52.15500235557556,-71.62132394930865,-20.750449979184953,-27.02628897507098
52.20772933959961,160.7833884228011,-20.750449979184953,-27.02628897507098
52.217548847198486,160.7833884228011,-20.750449979184953,-27.190931699515854
52.26017689704895,160.7833884228011,-20.750449979184953,-27.3406635863348
52.31380343437195,160.7833884228011,-20.750449979184953,-27.365409221347754
52.377501010894775,160.7833884228011,-20.750449979184953,-27.29134804475537
52.418859004974365,160.7833884228011,-20.750449979184953,-27.27954650570539
52.47695064544678,-135.82791528145813,-20.750449979184953,-27.27954650570539
52.50440979003906,-135.82791528145813,-20.750449979184953,-27.324371531243354
52.55811548233032,-135.82791528145813,-20.750449979184953,-27.329337465823773
52.61581754684448,-135.82791528145813,-20.750449979184953,-27.30180883586757
52.67391490936279,-135.82791528145813,-20.750449979184953,-27.300063102493635
52.71234083175659,-135.82791528145813,-20.750449979184953,-27.316625796973767
52.7628538608551,-135.82791528145813,-20.750449979184953,-27.316583281899348
52.832690954208374,-135.82791528145813,-20.750449979184953,-27.359705563306107
52.85689353942871,-155.34324922123872,-20.750449979184953,-27.359705563306107
52.86377811431885,-155.34324922123872,-20.750449979184953,-27.52480783028927
52.9088499546051,-155.34324922123872,-20.750449979184953,-27.67598316896207
52.96016001701355,-155.34324922123872,-20.750449979184953,-27.70044729159794
52.99424695968628,-155.34324922123872,-20.750449979184953,-27.625519617183365
53.04479956626892,-155.34324922123872,-20.750449979184953,-27.614006505909586
53.08943176269531,-155.34324922123872,-20.750449979184953,-27.658991825563746
53.09285807609558,176.2552641064295,-20.750449979184953,-27.658991825563746
53.13871908187866,176.2552641064295,-20.750449979184953,-27.663398179091057
53.17725992202759,176.2552641064295,-20.750449979184953,-27.63589531060573
53.24040985107422,176.2552641064295,-20.750449979184953,-27.634412575690067
53.27427864074707,176.2552641064295,-20.750449979184953,-27.65076199560292
53.3302948474884,176.2552641064295,-20.750449979184953,-27.65076784715682
53.369882106781006,-171.34376133632688,-20.750449979184953,-27.65076784715682
53.40808129310608,-171.34376133632688,-20.750449979184953,-27.640682823747188
53.45128917694092,-171.34376133632688,-20.750449979184953,-27.64042463581006
53.493953227996826,-171.34376133632688,-20.750449979184953,-27.64613829471568
53.52489924430847,-171.34376133632688,-20.750449979184953,-27.64606980811916
53.56856966018677,-171.34376133632688,-20.750449979184953,-27.642286595409093
53.637516498565674,-171.34376133632688,-20.750449979184953,-27.641996779085275
53.685298681259155,141.23417604053333,-20.750449979184953,-27.641996779085275
53.703402042388916,141.23417604053333,-20.750449979184953,-27.64429201202333
53.747589349746704,141.23417604053333,-20.750449979184953,-27.644195545311817
53.8121542930603,141.23417604053333,-20.750449979184953,-27.64241298856638
53.84599995613098,141.23417604053333,-20.750449979184953,-27.64249004390739
53.882959842681885,141.23417604053333,-20.750449979184953,-27.64345817789899
53.92300510406494,141.23417604053333,-20.750449979184953,-27.642749388432176
53.95676350593567,-163.45372142823118,-20.750449979184953,-27.642749388432176
53.97458100318909,-163.45372142823118,-20.750449979184953,-27.641847290798474
54.033204793930054,-163.45372142823118,-20.750449979184953,-27.64212961580285
54.0789053440094,-163.45372142823118,-20.750449979184953,-27.642335524166022
54.133227825164795,-163.45372142823118,-20.750449979184953,-27.64186807280477
54.15919494628906,-163.45372142823118,-20.750449979184953,-27.641615028845433
54.213918924331665,-163.45372142823118,-20.750449979184953,-27.69565694102714
54.25046944618225,-57.353608350738575,-20.750449979184953,-27.69565694102714
54.26799511909485,-57.353608350738575,-20.750449979184953,-27.860631624057913
54.31159019470215,-57.353608350738575,-20.750449979184953,-28.005025093216346
54.345497369766235,-57.353608350738575,-20.750449979184953,-28.030211119544973
54.39970374107361,-57.353608350738575,-20.750449979184953,-27.9596682793972
54.40176200866699,-57.353608350738575,-22.34137204217693,-27.9596682793972
54.44137978553772,-57.353608350738575,-22.34137204217693,-27.947771880007192
54.5202362537384,-57.353608350738575,-22.34137204217693,-28.04493269438924
54.5497362613678,48.61005656183424,-22.34137204217693,-28.04493269438924
54.588905572891235,48.61005656183424,-22.34137204217693,-28.21754630481231
54.638099670410156,48.61005656183424,-22.34137204217693,-28.338433839212517
54.707847356796265,48.61005656183424,-22.34137204217693,-28.362170036718908
54.798927307128906,48.61005656183424,-22.34137204217693,-28.307147510517897
54.86526846885681,48.61005656183424,-22.34137204217693,-28.29646459766444
54.92199969291687,48.61005656183424,-22.34137204217693,-28.29646459766444
54.95853590965271,48.61005656183424,-22.34137204217693,-28.330858280014294
55.04497957229614,48.61005656183424,-22.34137204217693,-28.336760189163684
55.148284673690796,48.61005656183424,-22.34137204217693,-28.316357730384603
55.18853712081909,48.61005656183424,-22.34137204217693,-28.313758782502475
55.24094557762146,48.61005656183424,-22.34137204217693,-28.326515151264154
55.29148983955383,48.61005656183424,-22.34137204217693,-28.32844686093456
55.34663414955139,168.43579334482084,-22.34137204217693,-28.32844686093456
55.36405801773071,168.43579334482084,-22.34137204217693,-28.321536850309197
55.40616059303284,168.43579334482084,-22.34137204217693,-28.321546248679613
55.45403718948364,168.43579334482084,-22.34137204217693,-28.326398057360677
55.55390119552612,168.43579334482084,-22.34137204217693,-28.326124485205057
55.59612846374512,168.43579334482084,-22.34137204217693,-28.323422424769955
55.67105507850647,168.43579334482084,-22.34137204217693,-28.32477110458622
55.709967613220215,-142.50928229252935,-22.34137204217693,-28.32477110458622
55.722535610198975,-142.50928229252935,-22.34137204217693,-28.32747704217439
55.79637432098389,-142.50928229252935,-22.34137204217693,-28.327196813115194
55.86484479904175,-142.50928229252935,-22.34137204217693,-28.32621074460293
55.914536476135254,-142.50928229252935,-22.34137204217693,-28.32662993595238
55.96483087539673,-142.50928229252935,-22.34137204217693,-28.327191176562156
56.006938219070435,-142.50928229252935,-22.34137204217693,-28.32765677459129
56.02570462226868,95.86079873035402,-22.34137204217693,-28.32765677459129
56.049848556518555,95.86079873035402,-22.34137204217693,-28.328736447080818
56.13268280029297,95.86079873035402,-22.34137204217693,-28.329425835207687
56.194873571395874,95.86079873035402,-22.34137204217693,-28.329259048566655
56.24475836753845,95.86079873035402,-22.34137204217693,-28.32901643762647
56.31520390510559,95.86079873035402,-22.34137204217693,-28.32935664240797
56.3736846446991,95.86079873035402,-22.34137204217693,-28.330073466103258
56.37513089179993,-7.637639775035222,-22.34137204217693,-28.330073466103258
56.457756996154785,-7.637639775035222,-22.34137204217693,-28.33099424856401
56.523059129714966,-7.637639775035222,-22.34137204217693,-28.331695396523077
56.56057286262512,-7.637639775035222,-22.34137204217693,-28.33169538524197
56.60506463050842,-7.637639775035222,-22.34137204217693,-28.331333049175296
56.65041899681091,-7.637639775035222,-22.34137204217693,-28.331685637452534
56.70382285118103,-7.637639775035222,-22.34137204217693,-28.332745571529692
56.73292803764343,-133.39874925557163,-22.34137204217693,-28.332745571529692
56.74838328361511,-133.39874925557163,-22.34137204217693,-28.33321931975295
56.82982301712036,-133.39874925557163,-22.34137204217693,-28.333732449833697
56.88900709152222,-133.39874925557163,-22.34137204217693,-28.334059706684897
56.943729639053345,-133.39874925557163,-22.34137204217693,-28.333683172033528
56.9802610874176,-133.39874925557163,-22.34137204217693,-28.333814265504518
57.0301296710968,-133.39874925557163,-22.34137204217693,-28.335177395850046
57.07931709289551,113.35417232707607,-22.34137204217693,-28.335177395850046
57.10958456993103,113.35417232707607,-22.34137204217693,-28.33592638630562
57.152775049209595,113.35417232707607,-22.34137204217693,-28.335808764440984
57.18898034095764,113.35417232707607,-22.34137204217693,-28.335942783089493
57.24446177482605,113.35417232707607,-22.34137204217693,-28.33620235772489
57.31433296203613,113.35417232707607,-22.34137204217693,-28.33687730781771
57.34397053718567,3.1289377572682486,-22.34137204217693,-28.33687730781771
57.37075614929199,3.1289377572682486,-22.34137204217693,-28.33811676589579
57.410345792770386,3.1289377572682486,-22.34137204217693,-28.338613784120298
57.42918372154236,3.1289377572682486,-22.34137204217693,-28.338463968386392
57.48290657997131,3.1289377572682486,-22.34137204217693,-28.33833841455769
57.54178285598755,3.1289377572682486,-22.34137204217693,-28.338548123988982
57.59287762641907,3.1289377572682486,-22.34137204217693,-28.33928020143489
57.64699745178223,89.72896496230732,-22.34137204217693,-28.33928020143489
57.6675169467926,89.72896496230732,-22.34137204217693,-28.340259348048637
57.7178111076355,89.72896496230732,-22.34137204217693,-28.340920985528456
57.74479651451111,89.72896496230732,-22.34137204217693,-28.34090020331883
57.84120965003967,89.72896496230732,-22.34137204217693,-28.340551791711945
57.88652515411377,89.72896496230732,-22.34137204217693,-28.340820309432136
57.94685101509094,89.72896496230732,-22.34137204217693,-28.34198928165655
57.96395444869995,-38.58956197461402,-22.34137204217693,-28.34198928165655
57.99130439758301,-38.58956197461402,-22.34137204217693,-28.34265259071903
58.059969902038574,-38.58956197461402,-22.34137204217693,-28.342861328441398
58.121917724609375,-38.58956197461402,-22.34137204217693,-28.343092089141823
58.15749144554138,-38.58956197461402,-22.34137204217693,-28.34302709080853
58.19890642166138,-38.58956197461402,-22.34137204217693,-28.343077304647682
58.23248505592346,-38.58956197461402,-22.34137204217693,-28.344118290985474
58.28952407836914,-38.58956197461402,-22.34137204217693,-28.398743717180537
58.295729637145996,6.225918424576123,-22.34137204217693,-28.398743717180537
58.32217192649841,6.225918424576123,-22.34137204217693,-28.563001037116873
58.35331845283508,6.225918424576123,-22.34137204217693,-28.707044790303296
58.397263288497925,6.225918424576123,-22.34137204217693,-28.733074737210025
58.43119931221008,6.225918424576123,-22.34137204217693,-28.66274051670406
58.47157526016235,6.225918424576123,-22.34137204217693,-28.650300616353306
58.51950645446777,6.225918424576123,-22.34137204217693,-28.74737343319966
58.520472049713135,-61.00152249082294,-22.34137204217693,-28.74737343319966
58.57376456260681,-61.00152249082294,-22.34137204217693,-28.919987752471872
58.617313623428345,-61.00152249082294,-22.34137204217693,-29.041024840712474
58.68804407119751,-61.00152249082294,-22.34137204217693,-29.065008727224694
58.76573848724365,-61.00152249082294,-22.34137204217693,-29.009676888555358
58.81631875038147,-61.00152249082294,-22.34137204217693,-28.998827157916203
58.867170095443726,-0.19356597922192437,-22.34137204217693,-28.998827157916203
58.872647523880005,-0.19356597922192437,-22.34137204217693,-29.032937548400486
58.90375471115112,-0.19356597922192437,-22.34137204217693,-29.03793473844572
58.938331604003906,-0.19356597922192437,-22.34137204217693,-29.017322863550167
59.01773953437805,-0.19356597922192437,-22.34137204217693,-29.01525688836499
59.10405206680298,-0.19356597922192437,-22.34137204217693,-29.02786400368334
59.141815185546875,-80.15029402049095,-22.34137204217693,-29.02786400368334
59.1537024974823,-80.15029402049095,-22.34137204217693,-29.029536083528164
59.19292092323303,-80.15029402049095,-22.34137204217693,-29.022513452423315
59.262356996536255,-80.15029402049095,-22.34137204217693,-29.021911606802487
59.32674813270569,-80.15029402049095,-22.34137204217693,-29.02611889519431
59.39213514328003,-80.15029402049095,-22.34137204217693,-29.026283566907228
59.44810485839844,-80.15029402049095,-22.34137204217693,-29.023916380030144
59.51877307891846,-80.15029402049095,-22.34137204217693,-29.024947326864485
59.55384850502014,-173.54634747960733,-22.34137204217693,-29.024947326864485
59.580878496170044,-173.54634747960733,-22.34137204217693,-29.0269208420662
59.65605592727661,-173.54634747960733,-22.34137204217693,-29.02625535282967
59.680023193359375,-173.54634747960733,-22.34137204217693,-29.02510437586448
59.72951149940491,-173.54634747960733,-22.34137204217693,-29.025561112386985
59.796974420547485,-173.54634747960733,-22.34137204217693,-29.0264216464315
59.824981451034546,-173.54634747960733,-22.34137204217693,-29.027096032236837
59.840656042099,-37.36335933665074,-22.34137204217693,-29.027096032236837
59.88532018661499,-37.36335933665074,-22.34137204217693,-29.027138298314206
59.91380596160889,-37.36335933665074,-22.34137204217693,-29.026803100617673
59.954001665115356,-37.36335933665074,-22.34137204217693,-29.026786785831995
59.98818039894104,-37.36335933665074,-22.34137204217693,-29.02699248912227
